unique_id,centre_pos,start,end,target_sequence,length,rev_comp,GC_content,A_content,C_content,dG,Tm,dG_1st_half,Tm_1st_half,dG_2nd_half,Tm_2nd_half,passed_a_comp,passed_c_comp,passed_a_stack,passed_c_stack,passed_c_spec_stack,dG_deviation,dG_deviation_halves,chrom,rev_comp_1st_half_id,rev_comp_1st_half,rev_comp_2nd_half_id,rev_comp_2nd_half,rev_comp_1st_half_probe_id,rev_comp_1st_half_B1,rev_comp_2nd_half_probe_id,rev_comp_2nd_half_B1
id_3,28.5,3,54,CTCCACCAGGGCCCGCTATCCACAGGAACCTTTCACAACAGCCATTACTCGC,52,GCGAGTAATGGCTGTTGTGAAAGGTTCCTGTGGATAGCGGGCCCTGGTGGAG,0.5769230769230769,0.25,0.4230769230769231,-76.19067999999999,84.55029460701027,-37.99100500000004,80.41178032865113,-29.86318499999997,66.84603671716516,TRUE,FALSE,TRUE,TRUE,TRUE,16.190679999999986,8.127820000000067,valr,01,gcgagtaatggctgttgtgaaaggt,02,ctgtggatagcgggccctggtggag,mMobp_HCRB4_01,gcgagtaatggctgttgtgaaaggtATTCTCACCATATTCgCTTC,mMobp_HCRB4_02,CCTCAACCTACCTCCAACAActgtggatagcgggccctggtggag
id_58,83.5,58,109,GGCAACAAAGAATCAAATGAGAGCAAGACAAGCGGAGACCAGAGTTCTGGTT,52,AACCAGAACTCTGGTCTCCGCTTGTCTTGCTCTCATTTGATTCTTTGTTGCC,0.46153846153846156,0.40384615384615385,0.17307692307692307,-72.39122500000009,83.72799546131634,-31.178770000000018,72.30676545845594,-33.97070500000002,73.51159419579861,TRUE,FALSE,TRUE,TRUE,TRUE,12.391225000000091,2.7919349999999987,valr,03,aaccagaactctggtctccgcttgt,04,tgctctcatttgattctttgttgcc,mMobp_HCRB4_03,aaccagaactctggtctccgcttgtATTCTCACCATATTCgCTTC,mMobp_HCRB4_04,CCTCAACCTACCTCCAACAAtgctctcatttgattctttgttgcc
id_395,420.5,395,446,GTCCCCAGTGGTGGTCAGAGCGCCGCCAGCCAAGCCAAAGTCCCCTCTGATG,52,CATCAGAGGGGACTTTGGCTTGGCTGGCGGCGCTCTGACCACCACTGGGGAC,0.6538461538461539,0.19230769230769232,0.36538461538461536,-82.18598499999999,88.86397980726034,-39.03688500000001,78.71594920956395,-34.33347500000001,76.69191658932354,TRUE,FALSE,TRUE,TRUE,TRUE,22.185984999999988,9.37036000000002,valr,05,catcagaggggactttggcttggct,06,cggcgctctgaccaccactggggac,mMobp_HCRB4_05,catcagaggggactttggcttggctATTCTCACCATATTCgCTTC,mMobp_HCRB4_06,CCTCAACCTACCTCCAACAAcggcgctctgaccaccactggggac
id_848,873.5,848,899,GTCTGTGCCAATCCATAGGACTGGAAGTCACTAATTTACCAGCATAGTATTG,52,CAATACTATGCTGGTAAATTAGTGACTTCCAGTCCTATGGATTGGCACAGAC,0.4230769230769231,0.28846153846153844,0.21153846153846154,-64.10928500000003,75.14480225222215,-33.08009500000003,73.73887162890705,-23.99965500000003,56.500194590302584,FALSE,FALSE,TRUE,TRUE,TRUE,4.109285000000028,9.08044,valr,07,caatactatgctggtaaattagtga,08,tccagtcctatggattggcacagac,mMobp_HCRB4_07,caatactatgctggtaaattagtgaATTCTCACCATATTCgCTTC,mMobp_HCRB4_08,CCTCAACCTACCTCCAACAAtccagtcctatggattggcacagac
id_1173,1198.5,1173,1224,TGATGTACTGTAATCACTCCAGTACTGCCATGCTCAGGGTGTTTATGCCCAT,52,ATGGGCATAAACACCCTGAGCATGGCAGTACTGGAGTGATTACAGTACATCA,0.46153846153846156,0.21153846153846154,0.25,-67.90985000000009,78.14028098796317,-27.633845,65.90300751918781,-31.988200000000013,67.77258486824323,FALSE,FALSE,TRUE,TRUE,TRUE,7.909850000000091,4.377954999999986,valr,09,atgggcataaacaccctgagcatgg,10,gtactggagtgattacagtacatca,mMobp_HCRB4_09,atgggcataaacaccctgagcatggATTCTCACCATATTCgCTTC,mMobp_HCRB4_10,CCTCAACCTACCTCCAACAAgtactggagtgattacagtacatca
id_1323,1348.5,1323,1374,AGAGGAACTTACCCATCTGCTCTACCTCGGGTAGACCAGTTTCCTTTCTTCT,52,AGAAGAAAGGAAACTGGTCTACCCGAGGTAGAGCAGATGGGTAAGTTCCTCT,0.4807692307692308,0.19230769230769232,0.3076923076923077,-66.72658500000001,76.57750888717189,-31.573315000000033,73.87543379645237,-27.551555000000022,59.58213317945078,FALSE,FALSE,TRUE,TRUE,TRUE,6.726585000000014,4.875129999999945,valr,11,agaagaaaggaaactggtctacccg,12,gtagagcagatgggtaagttcctct,mMobp_HCRB4_11,agaagaaaggaaactggtctacccgATTCTCACCATATTCgCTTC,mMobp_HCRB4_12,CCTCAACCTACCTCCAACAAgtagagcagatgggtaagttcctct
id_1746,1771.5,1746,1797,CTCTTCGTGTCGTACTCTAGCCACGGAGTCCTGGAAGGATCTCTTGTGCTCC,52,GGAGCACAAGAGATCCTTCCAGGACTCCGTGGCTAGAGTACGACACGAAGAG,0.5576923076923077,0.1346153846153846,0.3076923076923077,-71.33693,79.56754713355602,-29.51808500000002,64.21296478257992,-32.67859500000003,72.27649712023393,FALSE,TRUE,TRUE,TRUE,TRUE,11.336929999999995,3.1605100000000093,valr,13,ggagcacaagagatccttccaggac,14,cgtggctagagtacgacacgaagag,mMobp_HCRB4_13,ggagcacaagagatccttccaggacATTCTCACCATATTCgCTTC,mMobp_HCRB4_14,CCTCAACCTACCTCCAACAAcgtggctagagtacgacacgaagag
id_1860,1885.5,1860,1911,CTTCCTCAGGGTCTTTGGCAAAGGTGATTGCAGAGCTAATCCACACACATTC,52,GAATGTGTGTGGATTAGCTCTGCAATCACCTTTGCCAAAGACCCTGAGGAAG,0.4807692307692308,0.25,0.2692307692307692,-68.64388500000007,77.4120806463014,-32.35249000000002,67.6402491570681,-29.389680000000023,67.58854488990423,TRUE,FALSE,TRUE,TRUE,TRUE,8.643885000000068,2.962809999999994,valr,15,gaatgtgtgtggattagctctgcaa,16,acctttgccaaagaccctgaggaag,mMobp_HCRB4_15,gaatgtgtgtggattagctctgcaaATTCTCACCATATTCgCTTC,mMobp_HCRB4_16,CCTCAACCTACCTCCAACAAacctttgccaaagaccctgaggaag
id_1976,2001.5,1976,2027,TTCTCTTCCTGGCTCTCTGTCCGGCCTCTCTTGCTCGCACACCATTTGCTTC,52,GAAGCAAATGGTGTGCGAGCAAGAGAGGCCGGACAGAGAGCCAGGAAGAGAA,0.5576923076923077,0.057692307692307696,0.40384615384615385,-69.25705500000005,76.66127609553646,-33.027670000000015,70.05568319172951,-28.62767000000004,63.01157004523779,FALSE,FALSE,TRUE,TRUE,TRUE,9.25705500000005,4.399999999999974,valr,17,gaagcaaatggtgtgcgagcaagag,18,gccggacagagagccaggaagagaa,mMobp_HCRB4_17,gaagcaaatggtgtgcgagcaagagATTCTCACCATATTCgCTTC,mMobp_HCRB4_18,CCTCAACCTACCTCCAACAAgccggacagagagccaggaagagaa
id_173,198.5,173,224,AGGCTCTCCAAGAACCAGAAGTTCTCCGAGCACTTCAGCATCCACTGCTGCC,52,GGCAGCAGTGGATGCTGAAGTGCTCGGAGAACTTCTGGTTCTTGGAGAGCCT,0.5576923076923077,0.25,0.36538461538461536,-74.92863,86.00853023455667,-31.966554999999993,73.07903474803985,-34.55847000000003,78.26318618715956,TRUE,FALSE,TRUE,TRUE,TRUE,14.928629999999998,2.5919150000000357,valr,19,ggcagcagtggatgctgaagtgctc,20,agaacttctggttcttggagagcct,mMobp_HCRB4_19,ggcagcagtggatgctgaagtgctcATTCTCACCATATTCgCTTC,mMobp_HCRB4_20,CCTCAACCTACCTCCAACAAagaacttctggttcttggagagcct
id_230,255.5,230,281,TTCACCTTCCTCAACTCCAAGCGTGAGATCGTGGACCGCAAGTACAGCATCT,52,AGATGCTGTACTTGCGGTCCACGATCTCACGCTTGGAGTTGAGGAAGGTGAA,0.5192307692307693,0.25,0.3269230769230769,-71.19067999999999,80.4893316079118,-30.07879000000001,66.60973847466576,-33.56488000000003,72.42681373997036,TRUE,FALSE,TRUE,TRUE,TRUE,11.190679999999986,3.486090000000022,valr,21,agatgctgtacttgcggtccacgat,22,cacgcttggagttgaggaaggtgaa,mMobp_HCRB4_21,agatgctgtacttgcggtccacgatATTCTCACCATATTCgCTTC,mMobp_HCRB4_22,CCTCAACCTACCTCCAACAAcacgcttggagttgaggaaggtgaa
id_673,698.5,673,724,TTTGTCCCCTCTAGCCTAAGGTCAGTAGCTGCTCTCTGCAAGTACTAACATG,52,CATGTTAGTACTTGCAGAGAGCAGCTACTGACCTTAGGCTAGAGGGGACAAA,0.4807692307692308,0.21153846153846154,0.28846153846153844,-67.67581500000006,79.32902969413007,-30.844580000000015,67.78644603424968,-30.20489500000002,71.12110113832452,FALSE,FALSE,TRUE,TRUE,TRUE,7.675815000000057,2.950524999999967,valr,23,catgttagtacttgcagagagcagc,24,ctgaccttaggctagaggggacaaa,mMobp_HCRB4_23,catgttagtacttgcagagagcagcATTCTCACCATATTCgCTTC,mMobp_HCRB4_24,CCTCAACCTACCTCCAACAActgaccttaggctagaggggacaaa
id_738,763.5,738,789,CAGTACCAAGCCTGTGTAATCCACTCCCTGCATTAAACCCCCTCTGTTTGAA,52,TTCAAACAGAGGGGGTTTAATGCAGGGAGTGGATTACACAGGCTTGGTACTG,0.4807692307692308,0.25,0.34615384615384615,-66.59894000000006,77.90365952035708,-30.284224999999978,69.90433672629919,-27.498525000000022,62.61490413347693,TRUE,FALSE,TRUE,TRUE,TRUE,6.598940000000056,6.21725,valr,25,ttcaaacagagggggtttaatgcag,26,agtggattacacaggcttggtactg,mMobp_HCRB4_25,ttcaaacagagggggtttaatgcagATTCTCACCATATTCgCTTC,mMobp_HCRB4_26,CCTCAACCTACCTCCAACAAagtggattacacaggcttggtactg
id_932,957.5,932,983,TTAACCACCTTGTGCCTCAGAGAGACATAGTGGTAACTGATGAGTTGTATCT,52,AGATACAACTCATCAGTTACCACTATGTCTCTCTGAGGCACAAGGTGGTTAA,0.4230769230769231,0.2692307692307692,0.19230769230769232,-64.8216750000001,77.442991357676,-30.84945000000001,71.02618488483935,-26.984985000000016,62.698835455749276,FALSE,TRUE,TRUE,TRUE,TRUE,4.8216750000000985,6.165564999999972,valr,27,agatacaactcatcagttaccacta,28,tctctctgaggcacaaggtggttaa,mMobp_HCRB4_27,agatacaactcatcagttaccactaATTCTCACCATATTCgCTTC,mMobp_HCRB4_28,CCTCAACCTACCTCCAACAAtctctctgaggcacaaggtggttaa
id_1011,1036.5,1011,1062,CTCGATTTGCTGACCCTCCTGACGCATCTCATCAGATATCTGTTTGCTCATA,52,TATGAGCAAACAGATATCTGATGAGATGCGTCAGGAGGGTCAGCAAATCGAG,0.46153846153846156,0.19230769230769232,0.3076923076923077,-62.67959500000009,73.07147302560455,-32.728975000000005,71.56442645571522,-23.55097000000003,55.85385476105674,FALSE,FALSE,TRUE,TRUE,TRUE,2.6795950000000914,9.178004999999974,valr,29,tatgagcaaacagatatctgatgag,30,gcgtcaggagggtcagcaaatcgag,mMobp_HCRB4_29,tatgagcaaacagatatctgatgagATTCTCACCATATTCgCTTC,mMobp_HCRB4_30,CCTCAACCTACCTCCAACAAgcgtcaggagggtcagcaaatcgag
id_1581,1606.5,1581,1632,CTGCCTGTGGACTCACTGCTTCCCGCAACCCATCTGCTCTCAGACGAATTAT,52,ATAATTCGTCTGAGAGCAGATGGGTTGCGGGAAGCAGTGAGTCCACAGGCAG,0.5384615384615384,0.19230769230769232,0.36538461538461536,-71.57112,82.09102083000741,-34.70698000000004,75.41304546357517,-29.145320000000037,66.99826716154482,TRUE,FALSE,TRUE,TRUE,TRUE,11.571119999999993,5.56166,valr,31,ataattcgtctgagagcagatgggt,32,cgggaagcagtgagtccacaggcag,mMobp_HCRB4_31,ataattcgtctgagagcagatgggtATTCTCACCATATTCgCTTC,mMobp_HCRB4_32,CCTCAACCTACCTCCAACAAcgggaagcagtgagtccacaggcag
id_1636,1661.5,1636,1687,ACCTCAAGTATGATGCAGGAGTGGACGCCTGCTGATGTAACAACCACAGATG,52,CATCTGTGGTTGTTACATCAGCAGGCGTCCACTCCTGCATCATACTTGAGGT,0.5,0.3076923076923077,0.23076923076923078,-73.953625,85.83019378766747,-33.52388999999999,74.94012080811174,-30.846625,72.15735013030215,TRUE,TRUE,TRUE,TRUE,TRUE,13.953625000000002,2.677264999999988,valr,33,catctgtggttgttacatcagcagg,34,tccactcctgcatcatacttgaggt,mMobp_HCRB4_33,catctgtggttgttacatcagcaggATTCTCACCATATTCgCTTC,mMobp_HCRB4_34,CCTCAACCTACCTCCAACAAtccactcctgcatcatacttgaggt
